{
    "parent": "nan2uu:pf_armor_stand_da_ysb_ydz",
    "display": {
        "icon": {
            "item": "minecraft:armor_stand",
            "nbt": "{CustomModelData:20002}"   
        },
        "title": {
            "text":"\u00a7l有手臂的盔甲架（小）",
            "color": ""
        },
        "description": {
            "text":"□:空位 /:木棍 A:盔甲架\n\n□ / □\n□ A □\n□ □ □",
            "color": "green"
        },
        "frame": "task",
        "show_toast": false,
        "announce_to_chat": false
    },
    "criteria": {
        "tick":{
            "trigger": "minecraft:tick"
            }
        }
    }