{
    "parent": "nan2uu:pf_armor_stand_xiao_wsb_ydz",
    "display": {
        "icon": {
            "item": "minecraft:armor_stand",
            "nbt": "{CustomModelData:20006}"   
        },
        "title": {
            "text":"\u00a7l无底座的盔甲架（大）",
            "color": ""
        },
        "description": {
            "text":"□:空位 /:木棍 ■:玻璃板\n\n/ / /\n□ / □\n/ ■ /",
            "color": "green"
        },
        "frame": "task",
        "show_toast": false,
        "announce_to_chat": false
    },
    "criteria": {
        "tick":{
            "trigger": "minecraft:tick"
            }
        }
    }