{
    "parent": "nan2uu:pf_armor_stand_da_wsb_wdz",
    "display": {
        "icon": {
            "item": "minecraft:armor_stand",
            "nbt": "{CustomModelData:20007}"   
        },
        "title": {
            "text":"\u00a7l盔甲架（小）",
            "color": ""
        },
        "description": {
            "text":"□:空位 /:木棍 ■:玻璃板\n\n□ / □\n/ / /\n□ ■ □",
            "color": "green"
        },
        "frame": "task",
        "show_toast": false,
        "announce_to_chat": false
    },
    "criteria": {
        "tick":{
            "trigger": "minecraft:tick"
            }
        }
    }