{
    "parent": "nan2uu:pf_chutou",
    "display": {
        "icon": {
            "item": "minecraft:netherite_hoe",
            "nbt": "{CustomModelData:10001}"   
        },
        "title": {
            "text":"\u00a7l紫水晶锄",
            "color": ""
        },
        "description": {
            "text":"紫水晶碎片+下界合金锄",
            "color": "green"
        },
        "frame": "task",
        "show_toast": false,
        "announce_to_chat": false
    },
    "criteria": {
        "tick":{
            "trigger": "minecraft:tick"
            }
        }
    }