{
    "parent": "nan2uu:root",
    "display": {
        "icon": {
            "item": "minecraft:petrified_oak_slab",
            "nbt": "{}"   
        },
        "title": {
            "text":"\u00a7l泥土台阶",
            "color": ""
        },
        "description": {
            "text":"□:空位 A:泥土\n\n□ □ □\nA A A\n□ □ □",
            "color": "green"
        },
        "frame": "task",
        "show_toast": false,
        "announce_to_chat": false
    },
    "criteria": {
        "tick":{
            "trigger": "minecraft:tick"
            }
        }
    }