{
    "parent": "nan2uu:pf_futou_zishuijing",
    "display": {
        "icon": {
            "item": "minecraft:netherite_axe",
            "nbt": "{CustomModelData:10002}"   
        },
        "title": {
            "text":"\u00a7l黄青铜斧",
            "color": ""
        },
        "description": {
            "text":"铜锭+下界合金斧",
            "color": "green"
        },
        "frame": "task",
        "show_toast": false,
        "announce_to_chat": false
    },
    "criteria": {
        "tick":{
            "trigger": "minecraft:tick"
            }
        }
    }