{
    "parent": "nan2uu:pf_hejinjian_bangbangtangjian_zi",
    "display": {
        "icon": {
            "item": "minecraft:netherite_sword",
            "nbt": "{CustomModelData:10008}"   
        },
        "title": {
            "text":"\u00a7l蓝色棒棒糖剑",
            "color": ""
        },
        "description": {
            "text":"淡蓝色染料+糖+下界合金剑",
            "color": "green"
        },
        "frame": "task",
        "show_toast": false,
        "announce_to_chat": false
    },
    "criteria": {
        "tick":{
            "trigger": "minecraft:tick"
            }
        }
    }