{
    "parent": "nan2uu:root",
    "display": {
        "icon": {
            "item": "minecraft:item_frame",
            "nbt": "{CustomModelData:1}"   
        },
        "title": {
            "text":"\u00a7l透明展示框",
            "color": ""
        },
        "description": {
            "text":"物品展示框+玻璃板",
            "color": "green"
        },
        "frame": "task",
        "show_toast": false,
        "announce_to_chat": false
    },
    "criteria": {
        "tick":{
            "trigger": "minecraft:tick"
            }
        }
    }