{
    "parent": "nan2uu:pf_ngt_rongyuan_fen",
    "display": {
        "icon": {
            "item": "minecraft:carved_pumpkin",
            "nbt": "{CustomModelData:20009}"   
        },
        "title": {
            "text":"\u00a7l美西螈帽（黄）",
            "color": ""
        },
        "description": {
            "text":"□:空位 ➹:热带鱼 ♣:黄色染料 A:雕刻过的南瓜头\n\n□ ➹ □\n➹ ♣ ➹\n□ A □",
            "color": "green"
        },
        "frame": "task",
        "show_toast": false,
        "announce_to_chat": false
    },
    "criteria": {
        "tick":{
            "trigger": "minecraft:tick"
            }
        }
    }