{
    "parent": "nan2uu:pf_ngt_wawa_nan2uu",
    "display": {
        "icon": {
            "item": "minecraft:carved_pumpkin",
            "nbt": "{CustomModelData:20001}"   
        },
        "title": {
            "text":"\u00a7l草帽",
            "color": ""
        },
        "description": {
            "text":"□:空位 #:小麦 A:雕刻过的南瓜头\n\n□ # □\n# A #\n□ □ □",
            "color": "green"
        },
        "frame": "task",
        "show_toast": false,
        "announce_to_chat": false
    },
    "criteria": {
        "tick":{
            "trigger": "minecraft:tick"
            }
        }
    }