{
    "parent": "nan2uu:root",
    "display": {
        "icon": {
            "item": "minecraft:carved_pumpkin" 
        },
        "title": {
            "text":"\u00a7l南瓜头帽子合集",
            "color": "light_purple"
        },
        "description": {
            "text":"⚠警告！！帽子都是南瓜头变的\n⚠右键放置在地上会变成方块！",
            "color": "yellow"
        },
        "frame": "challenge",
        "show_toast": false,
        "announce_to_chat": false
    },
    "criteria": {
        "tick":{
            "trigger": "minecraft:tick"
            }
        }
    }