{
    "parent": "nan2uu:pf_ngt_caomao",
    "display": {
        "icon": {
            "item": "minecraft:carved_pumpkin",
            "nbt": "{CustomModelData:20005}"   
        },
        "title": {
            "text":"\u00a7l矿工帽（黄）",
            "color": ""
        },
        "description": {
            "text":"□:空位 D:灯笼 T:铁锭 #:黄色染料 A:雕刻过的南瓜头\n\n□ D □\n# T #\n□ A □",
            "color": "green"
        },
        "frame": "task",
        "show_toast": false,
        "announce_to_chat": false
    },
    "criteria": {
        "tick":{
            "trigger": "minecraft:tick"
            }
        }
    }