{
    "display": {
        "icon": {
            "item": "minecraft:player_head",
            "nbt": "{SkullOwner:Nan2uu}"   
        },
        "title": {
            "text":"\u00a7l彩虹像素合成配方表",
            "color": "green"
        },
        "description": {
            "text":"指针悬停在图标上查看合成方式",
            "color": "yellow"
        },
        "frame": "task",
        "background": "minecraft:textures/block/stripped_dark_oak_log.png",
        "show_toast": false,
        "announce_to_chat": false
    },
    "criteria": {
        "tick":{
            "trigger": "minecraft:tick"
            }
        }
    }