{
	"credit": "Made with Blockbench",
	"ambientocclusion": false,
	"textures": {
		"particle": "block/iron_bars",
		"bars": "block/iron_bars"
	},
	"elements": [
		{
			"from": [8, 0, 0],
			"to": [8, 16, 8],
			"faces": {
				"east": {"uv": [8, 0, 16, 16], "texture": "#bars"},
				"west": {"uv": [16, 0, 8, 16], "texture": "#bars"}
			}
		},
		{
			"from": [7, 0, 0],
			"to": [9, 16, 7],
			"faces": {
				"north": {"uv": [11, 0, 13, 16], "texture": "#bars", "cullface": "north"}
			}
		},
		{
			"from": [7, 0.0, 0],
			"to": [9, 0.01, 7],
			"faces": {
				"up": {"uv": [11, 4, 13, 11], "texture": "#bars"},
				"down": {"uv": [13, 4, 11, 11], "texture": "#bars"}
			}
		},
		{
			"from": [7, 15.999, 0],
			"to": [9, 15.999, 7],
			"faces": {
				"up": {"uv": [11, 4, 13, 11], "texture": "#bars"},
				"down": {"uv": [13, 4, 11, 11], "texture": "#bars"}
			}
		}
	]
}