{
	"credit": "Made with Blockbench",
	"parent": "block/block",
	"textures": {
		"particle": "#all"
	},
	"elements": [
		{
			"from": [0, 0, 0],
			"to": [16, 16, 16],
			"faces": {
				"north": {"uv": [0, 0, 16, 16], "texture": "#all", "cullface": "north"},
				"east": {"uv": [0, 0, 16, 16], "texture": "#all", "cullface": "east"},
				"south": {"uv": [0, 0, 16, 16], "texture": "#all", "cullface": "south"},
				"west": {"uv": [0, 0, 16, 16], "texture": "#all", "cullface": "west"},
				"up": {"uv": [0, 0, 16, 16], "texture": "#all", "cullface": "up"},
				"down": {"uv": [0, 0, 16, 16], "texture": "#all", "cullface": "down"}
			}
		},
		{
			"from": [8, -5.5, -6.4],
			"to": [8, 22.5, 21.6],
			"shade": false,
			"rotation": {"angle": -22.5, "axis": "y", "origin": [8, 5, 7.9], "rescale": true},
			"faces": {
				"east": {"uv": [0, 0, 16, 16], "texture": "#x"},
				"west": {"uv": [0, 0, 16, 16], "texture": "#x"}
			}
		},
		{
			"from": [-5.7, -5.5, 7.9],
			"to": [22.3, 22.5, 7.9],
			"shade": false,
			"rotation": {"angle": -22.5, "axis": "y", "origin": [8, 5, 7.9], "rescale": true},
			"faces": {
				"north": {"uv": [0, 0, 16, 16], "texture": "#x"},
				"south": {"uv": [0, 0, 16, 16], "texture": "#x"}
			}
		}
	]
}