{
	"credit": "Made with Blockbench",
	"parent": "block/thin_block",
	"textures": {
		"1": "block/snow_side",
		"particle": "block/snow",
		"texture": "block/snow"
	},
	"elements": [
		{
			"from": [0, 0, 0],
			"to": [16, 2, 16],
			"faces": {
				"north": {"uv": [0, 14, 16, 16], "texture": "#texture", "cullface": "north"},
				"east": {"uv": [0, 14, 16, 16], "texture": "#texture", "cullface": "east"},
				"south": {"uv": [0, 14, 16, 16], "texture": "#texture", "cullface": "south"},
				"west": {"uv": [0, 14, 16, 16], "texture": "#texture", "cullface": "west"},
				"up": {"uv": [0, 0, 16, 16], "texture": "#texture"},
				"down": {"uv": [0, 0, 16, 16], "texture": "#texture", "cullface": "down"}
			}
		},
		{
			"from": [0, -1, 0],
			"to": [16, 0, 16],
			"rotation": {"angle": 0, "axis": "y", "origin": [8, 7, 8]},
			"faces": {
				"north": {"uv": [0, 10, 16, 11], "texture": "#1", "cullface": "north"},
				"east": {"uv": [0, 10, 16, 11], "texture": "#1", "cullface": "east"},
				"south": {"uv": [0, 10, 16, 11], "texture": "#1", "cullface": "south"},
				"west": {"uv": [0, 10, 16, 11], "texture": "#1", "cullface": "west"}
			}
		},
		{
			"from": [-0.01, -3, -0.01],
			"to": [16.0099, 0, 16.0099],
			"rotation": {"angle": 0, "axis": "y", "origin": [8, 6, 8]},
			"faces": {
				"north": {"uv": [0, 10, 16, 13], "texture": "#1", "cullface": "north", "cullface": "north"},
				"east": {"uv": [0, 10, 16, 13], "texture": "#1", "cullface": "east", "cullface": "east"},
				"south": {"uv": [0, 10, 16, 13], "texture": "#1", "cullface": "south", "cullface": "south"},
				"west": {"uv": [0, 10, 16, 13], "texture": "#1", "cullface": "west", "cullface": "west"}
			}
		},
		{
			"from": [1, -4, 16.01],
			"to": [11, -3, 16.01],
			"rotation": {"angle": 0, "axis": "y", "origin": [9, 4, 23]},
			"faces": {
				"east": {"uv": [0, 0, 0, 1], "texture": "#1", "cullface": "east"},
				"south": {"uv": [1, 13, 11, 14], "texture": "#1", "cullface": "south"},
				"west": {"uv": [0, 0, 0, 1], "texture": "#1", "cullface": "west"}
			}
		},
		{
			"from": [14, -4, 16.01],
			"to": [15, -3, 16.01],
			"rotation": {"angle": 0, "axis": "y", "origin": [23, 4, 23]},
			"faces": {
				"east": {"uv": [0, 0, 0, 1], "texture": "#1", "cullface": "east"},
				"south": {"uv": [14, 13, 15, 14], "texture": "#1", "cullface": "south"},
				"west": {"uv": [0, 0, 0, 1], "texture": "#1", "cullface": "west"}
			}
		},
		{
			"from": [4, -5, 16.01],
			"to": [6, -4, 16.01],
			"rotation": {"angle": 0, "axis": "y", "origin": [12, 3, 23]},
			"faces": {
				"east": {"uv": [0, 0, 0, 1], "texture": "#1", "cullface": "east"},
				"south": {"uv": [4, 14, 6, 15], "texture": "#1", "cullface": "south"},
				"west": {"uv": [0, 0, 0, 1], "texture": "#1", "cullface": "west"}
			}
		},
		{
			"from": [16.01, -4, 5],
			"to": [16.01, -3, 15],
			"rotation": {"angle": 0, "axis": "y", "origin": [23, 3, 4]},
			"faces": {
				"north": {"uv": [0, 0, 0, 1], "texture": "#1", "cullface": "north"},
				"east": {"uv": [1, 13, 11, 14], "texture": "#1", "cullface": "east"},
				"south": {"uv": [0, 0, 0, 1], "texture": "#1", "cullface": "south"}
			}
		},
		{
			"from": [16.01, -4, 1],
			"to": [16.01, -3, 2],
			"rotation": {"angle": 0, "axis": "y", "origin": [23, 3, 4]},
			"faces": {
				"north": {"uv": [0, 0, 0, 1], "texture": "#1", "cullface": "north"},
				"east": {"uv": [14, 13, 15, 14], "texture": "#1", "cullface": "east"},
				"south": {"uv": [0, 0, 0, 1], "texture": "#1", "cullface": "south"}
			}
		},
		{
			"from": [16.01, -5, 10],
			"to": [16.01, -4, 12],
			"rotation": {"angle": 0, "axis": "y", "origin": [23, 3, 4]},
			"faces": {
				"north": {"uv": [0, 0, 0, 1], "texture": "#1", "cullface": "north"},
				"east": {"uv": [4, 14, 6, 15], "texture": "#1", "cullface": "east"},
				"south": {"uv": [0, 0, 0, 1], "texture": "#1", "cullface": "south"}
			}
		},
		{
			"from": [5, -4, -0.01],
			"to": [15, -3, -0.01],
			"rotation": {"angle": 0, "axis": "y", "origin": [4, 3, -7]},
			"faces": {
				"north": {"uv": [1, 13, 11, 14], "texture": "#1", "cullface": "north"},
				"east": {"uv": [0, 0, 0, 1], "texture": "#1", "cullface": "east"},
				"west": {"uv": [0, 0, 0, 1], "texture": "#1", "cullface": "west"}
			}
		},
		{
			"from": [1, -4, -0.01],
			"to": [2, -3, -0.01],
			"rotation": {"angle": 0, "axis": "y", "origin": [4, 3, -7]},
			"faces": {
				"north": {"uv": [14, 13, 15, 14], "texture": "#1", "cullface": "north"},
				"east": {"uv": [0, 0, 0, 1], "texture": "#1", "cullface": "east"},
				"west": {"uv": [0, 0, 0, 1], "texture": "#1", "cullface": "west"}
			}
		},
		{
			"from": [10, -5, -0.01],
			"to": [12, -4, -0.01],
			"rotation": {"angle": 0, "axis": "y", "origin": [4, 3, -7]},
			"faces": {
				"north": {"uv": [4, 14, 6, 15], "texture": "#1", "cullface": "north"},
				"east": {"uv": [0, 0, 0, 1], "texture": "#1", "cullface": "east"},
				"west": {"uv": [0, 0, 0, 1], "texture": "#1", "cullface": "west"}
			}
		},
		{
			"from": [-0.01, -4, 1],
			"to": [-0.01, -3, 11],
			"rotation": {"angle": 0, "axis": "y", "origin": [-7, 3, 12]},
			"faces": {
				"north": {"uv": [0, 0, 0, 1], "texture": "#1", "cullface": "north"},
				"south": {"uv": [0, 0, 0, 1], "texture": "#1", "cullface": "south"},
				"west": {"uv": [1, 13, 11, 14], "texture": "#1", "cullface": "west"}
			}
		},
		{
			"from": [-0.01, -4, 14],
			"to": [-0.01, -3, 15],
			"rotation": {"angle": 0, "axis": "y", "origin": [-7, 3, 12]},
			"faces": {
				"north": {"uv": [0, 0, 0, 1], "texture": "#1", "cullface": "north"},
				"south": {"uv": [0, 0, 0, 1], "texture": "#1", "cullface": "south"},
				"west": {"uv": [14, 13, 15, 14], "texture": "#1", "cullface": "west"}
			}
		},
		{
			"from": [-0.01, -5, 4],
			"to": [-0.01, -4, 6],
			"rotation": {"angle": 0, "axis": "y", "origin": [-7, 3, 12]},
			"faces": {
				"north": {"uv": [0, 0, 0, 1], "texture": "#1", "cullface": "north"},
				"south": {"uv": [0, 0, 0, 1], "texture": "#1", "cullface": "south"},
				"west": {"uv": [4, 14, 6, 15], "texture": "#1", "cullface": "west"}
			}
		}
	]
}