{
	"credit": "Made with Blockbench",
	"ambientocclusion": false,
	"textures": {
		"1": "block/vine_hua2",
		"particle": "block/vine_2",
		"vine": "block/vine_2"
	},
	"elements": [
		{
			"from": [0, -6, 0.8],
			"to": [16, 16, 0.8],
			"shade": false,
			"faces": {
				"north": {"uv": [12, 4, 4, 15], "texture": "#vine", "tintindex": 0},
				"south": {"uv": [4, 4, 12, 15], "texture": "#vine", "tintindex": 0}
			}
		},
		{
			"from": [0, 0, 1],
			"to": [16, 16, 1],
			"rotation": {"angle": 0, "axis": "y", "origin": [8, 8, 9]},
			"faces": {
				"north": {"uv": [0, 0, 16, 16], "texture": "#1"},
				"east": {"uv": [0, 0, 0, 16], "texture": "#1"},
				"south": {"uv": [0, 0, 16, 16], "texture": "#1"},
				"west": {"uv": [0, 0, 0, 16], "texture": "#1"},
				"up": {"uv": [0, 0, 16, 0], "texture": "#1"},
				"down": {"uv": [0, 0, 16, 0], "texture": "#1"}
			}
		}
	]
}