{
  "parent": "minecraft:item/handheld",
  "textures": {
    "layer0": "minecraft:item/netherite_shovel"
  },
  "overrides" :[
		{"predicate":{"custom_model_data":10001},"model":"item/zishuijing_shovel"},
    {"predicate":{"custom_model_data":10002},"model":"item/tong_shovel"},
    {"predicate":{"custom_model_data":10003},"model":"item/lieyan_shovel"},
    {"predicate":{"custom_model_data":10004},"model":"item/lanbing_shovel"},
    {"predicate":{"custom_model_data":10005},"model":"item/haijing_shovel"}
	]
}
