{
  "parent": "minecraft:item/handheld",
  "textures": {
    "layer0": "minecraft:item/netherite_pickaxe"
  },
  "overrides" :[
		{"predicate":{"custom_model_data":10001},"model":"item/zishuijing_pickaxe"},
    {"predicate":{"custom_model_data":10002},"model":"item/tong_pickaxe"},
    {"predicate":{"custom_model_data":10003},"model":"item/lieyan_pickaxe"},
    {"predicate":{"custom_model_data":10004},"model":"item/lanbing_pickaxe"},
    {"predicate":{"custom_model_data":10005},"model":"item/haijing_pickaxe"}
	]
}