{
	"credit": "Made with Blockbench",
	"parent": "block/block",
	"textures": {
		"0": "item/rongyuan_bai",
		"particle": "item/rongyuan_bai"
	},
	"elements": [
		{
			"from": [4, 0, 4],
			"to": [12, 4, 12],
			"rotation": {"angle": 0, "axis": "y", "origin": [12, 8, 12]},
			"faces": {
				"north": {"uv": [2, 2.75, 4, 3.75], "texture": "#0"},
				"east": {"uv": [0, 2.75, 2, 3.75], "texture": "#0"},
				"south": {"uv": [6, 2.75, 8, 3.75], "texture": "#0"},
				"west": {"uv": [4, 2.75, 6, 3.75], "texture": "#0"},
				"up": {"uv": [2, 2.5, 4, 0.5], "texture": "#0"},
				"down": {"uv": [4, 2.5, 6, 0.5], "texture": "#0"}
			}
		},
		{
			"from": [3.5, 0.001, 3],
			"to": [12.5, 1.001, 8],
			"rotation": {"angle": 0, "axis": "y", "origin": [12, 8.001, 11]},
			"faces": {
				"north": {"uv": [2, 3.5, 4, 3.75], "texture": "#0"},
				"east": {"uv": [3.75, 3.5, 5, 3.75], "texture": "#0"},
				"south": {"uv": [1.75, 3.5, 4.25, 3.75], "texture": "#0"},
				"west": {"uv": [1, 3.5, 2.25, 3.75], "texture": "#0"},
				"up": {"uv": [2, 1.5, 4, 2.5], "texture": "#0"},
				"down": {"uv": [4, 2.25, 4.25, 2.5], "texture": "#0"}
			}
		},
		{
			"from": [3.69818, 0, 5.45374],
			"to": [6.69818, 7, 5.45374],
			"rotation": {"angle": 22.5, "axis": "y", "origin": [11.69818, 8, 13.45374]},
			"faces": {
				"north": {"uv": [3.5, 11, 4.25, 12.75], "texture": "#0"},
				"east": {"uv": [0, 0, 0, 7], "texture": "#0"},
				"south": {"uv": [4.25, 11, 3.5, 12.75], "texture": "#0"},
				"west": {"uv": [0, 0, 0, 7], "texture": "#0"},
				"up": {"uv": [0, 0, 3, 0], "texture": "#0"},
				"down": {"uv": [0, 0, 3, 0], "texture": "#0"}
			}
		},
		{
			"from": [8.31225, 0, 10.42862],
			"to": [11.31225, 7, 10.42862],
			"rotation": {"angle": -22.5, "axis": "y", "origin": [16.31225, 8, 18.42862]},
			"faces": {
				"north": {"uv": [0.75, 11, 1.5, 12.75], "texture": "#0"},
				"east": {"uv": [0, 0, 0, 7], "texture": "#0"},
				"south": {"uv": [1.5, 11, 0.75, 12.75], "texture": "#0"},
				"west": {"uv": [0, 0, 0, 7], "texture": "#0"},
				"up": {"uv": [0, 0, 3, 0], "texture": "#0"},
				"down": {"uv": [0, 0, 3, 0], "texture": "#0"}
			}
		},
		{
			"from": [4, 0.4, 10.4],
			"to": [12, 3.4, 10.4],
			"rotation": {"angle": 22.5, "axis": "x", "origin": [17, 8.4, 18.4]},
			"faces": {
				"north": {"uv": [1.5, 10.75, 3.5, 11.5], "texture": "#0"},
				"east": {"uv": [0, 0, 0, 3], "texture": "#0"},
				"south": {"uv": [1.5, 10.75, 3.5, 11.5], "texture": "#0"},
				"west": {"uv": [0, 0, 0, 3], "texture": "#0"},
				"up": {"uv": [0, 0, 8, 0], "texture": "#0"},
				"down": {"uv": [0, 0, 8, 0], "texture": "#0"}
			}
		}
	],
	"display": {
		"thirdperson_righthand": {
			"rotation": [75, 45, 0],
			"translation": [0, 3.25, 2.5],
			"scale": [0.6, 0.6, 0.6]
		},
		"thirdperson_lefthand": {
			"rotation": [75, 45, 0],
			"translation": [0, 3.25, 2.5],
			"scale": [0.6, 0.6, 0.6]
		},
		"firstperson_righthand": {
			"rotation": [0, 123, 0],
			"translation": [0, 7, 0],
			"scale": [0.8, 0.8, 0.8]
		},
		"firstperson_lefthand": {
			"rotation": [0, 123, 0],
			"translation": [0, 7, 0],
			"scale": [0.8, 0.8, 0.8]
		},
		"ground": {
			"translation": [0, 4, 0],
			"scale": [0.5, 0.5, 0.5]
		},
		"gui": {
			"rotation": [38, 138, 0],
			"translation": [0.5, 4.5, 0],
			"scale": [1.1, 1.1, 1.1]
		},
		"head": {
			"translation": [0, 16, 0],
			"scale": [1.9, 1.9, 1.9]
		},
		"fixed": {
			"rotation": [-90, 0, 0],
			"translation": [0, 0, -14.6],
			"scale": [1.8, 1.8, 1.8]
		}
	}
}