{
	"credit": "Made with Blockbench",
	"texture_size": [32, 32],
	"textures": {
		"particle": "item/nan2uu"
	},
	"elements": [
		{
			"from": [4.35, 6.35, 5.85],
			"to": [11.65, 13.65, 13.15],
			"faces": {
				"north": {"uv": [2, 2, 4, 4], "texture": "#particle"},
				"east": {"uv": [0, 2, 2, 4], "texture": "#particle"},
				"south": {"uv": [6, 2, 8, 4], "texture": "#particle"},
				"west": {"uv": [2, 2, 0, 4], "texture": "#particle"},
				"up": {"uv": [4, 2, 2, 0], "texture": "#particle"},
				"down": {"uv": [4, 0, 6, 2], "texture": "#particle"}
			}
		},
		{
			"from": [4, 6, 5.5],
			"to": [12, 14, 13.5],
			"faces": {
				"north": {"uv": [10, 2, 12, 4], "texture": "#particle"},
				"east": {"uv": [8, 2, 10, 4], "texture": "#particle"},
				"south": {"uv": [14, 2, 16, 4], "texture": "#particle"},
				"west": {"uv": [10, 2, 8, 4], "texture": "#particle"},
				"up": {"uv": [10, 2, 12, 0], "texture": "#particle"},
				"down": {"uv": [14, 0, 12, 2], "texture": "#particle"}
			}
		},
		{
			"from": [5.6, 0, 8.1],
			"to": [10.4, 6, 10.9],
			"faces": {
				"north": {"uv": [5, 5, 7, 8], "texture": "#particle"},
				"east": {"uv": [8.25, 5, 6.75, 8], "texture": "#particle"},
				"south": {"uv": [8, 5, 10, 8], "texture": "#particle"},
				"west": {"uv": [6.75, 5, 8.25, 8], "texture": "#particle"},
				"up": {"uv": [5, 4, 7, 5], "texture": "#particle", "cullface": "up"},
				"down": {"uv": [7, 4, 9, 5], "texture": "#particle"}
			}
		},
		{
			"from": [5.5, -0.1, 8],
			"to": [10.5, 6, 11],
			"faces": {
				"north": {"uv": [5, 9, 7, 12], "texture": "#particle"},
				"east": {"uv": [8.25, 9, 6.75, 12], "texture": "#particle"},
				"south": {"uv": [8, 9, 10, 12], "texture": "#particle"},
				"west": {"uv": [6.75, 9, 8.25, 12], "texture": "#particle"}
			}
		},
		{
			"from": [4, 0, 8.5],
			"to": [6, 6, 10.5],
			"rotation": {"angle": -22.5, "axis": "z", "origin": [5, 5, 8]},
			"faces": {
				"north": {"uv": [13, 5, 14, 8], "texture": "#particle"},
				"east": {"uv": [12, 5, 13, 8], "texture": "#particle"},
				"south": {"uv": [11, 5, 12, 8], "texture": "#particle"},
				"west": {"uv": [10, 5, 11, 8], "texture": "#particle"},
				"up": {"uv": [11, 4, 12, 5], "texture": "#particle"},
				"down": {"uv": [12, 4, 13, 5], "texture": "#particle"}
			}
		},
		{
			"from": [3.9, -0.1, 8.4],
			"to": [6.1, 6, 10.6],
			"rotation": {"angle": -22.5, "axis": "z", "origin": [5, 5, 8]},
			"faces": {
				"north": {"uv": [12, 9, 11, 12], "texture": "#particle"},
				"east": {"uv": [12, 9, 13, 12], "texture": "#particle"},
				"south": {"uv": [14, 9, 13, 12], "texture": "#particle"},
				"west": {"uv": [10, 9, 11, 12], "texture": "#particle"}
			}
		},
		{
			"from": [9.9, -0.1, 8.4],
			"to": [12.1, 6, 10.6],
			"rotation": {"angle": 22.5, "axis": "z", "origin": [11, 5, 8]},
			"faces": {
				"north": {"uv": [11, 9, 12, 12], "texture": "#particle"},
				"east": {"uv": [10, 9, 11, 12], "texture": "#particle"},
				"south": {"uv": [13, 9, 14, 12], "texture": "#particle"},
				"west": {"uv": [12, 9, 13, 12], "texture": "#particle"}
			}
		},
		{
			"from": [10, 0, 8.5],
			"to": [12, 6, 10.5],
			"rotation": {"angle": 22.5, "axis": "z", "origin": [11, 5, 8]},
			"faces": {
				"north": {"uv": [11, 5, 12, 8], "texture": "#particle"},
				"east": {"uv": [10, 5, 11, 8], "texture": "#particle"},
				"south": {"uv": [13, 5, 14, 8], "texture": "#particle"},
				"west": {"uv": [12, 5, 13, 8], "texture": "#particle"},
				"up": {"uv": [12, 4, 11, 5], "texture": "#particle"},
				"down": {"uv": [13, 4, 12, 5], "texture": "#particle"}
			}
		},
		{
			"from": [6, 0.003, 2.1],
			"to": [8, 2.003, 8.1],
			"rotation": {"angle": 22.5, "axis": "y", "origin": [8, 1.003, 8.1]},
			"faces": {
				"north": {"uv": [6, 12, 7, 13], "rotation": 180, "texture": "#particle"},
				"east": {"uv": [7, 13, 6, 16], "rotation": 270, "texture": "#particle"},
				"south": {"uv": [0, 0, 0, 0], "texture": "#particle"},
				"west": {"uv": [6, 13, 7, 16], "rotation": 90, "texture": "#particle"},
				"up": {"uv": [5, 13, 6, 16], "rotation": 180, "texture": "#particle"},
				"down": {"uv": [7, 16, 8, 13], "rotation": 180, "texture": "#particle"}
			}
		},
		{
			"from": [5.9, -0.097, 2],
			"to": [8.1, 2.103, 8.1],
			"rotation": {"angle": 22.5, "axis": "y", "origin": [8, 1.003, 8.1]},
			"faces": {
				"east": {"uv": [3, 13, 2, 16], "rotation": 270, "texture": "#particle"},
				"south": {"uv": [0, 0, 0, 0], "texture": "#particle"},
				"west": {"uv": [2, 13, 3, 16], "rotation": 90, "texture": "#particle"},
				"up": {"uv": [1, 13, 2, 16], "rotation": 180, "texture": "#particle"},
				"down": {"uv": [3, 16, 4, 13], "rotation": 180, "texture": "#particle"}
			}
		},
		{
			"from": [8, 0.003, 2.1],
			"to": [10, 2.003, 8.1],
			"rotation": {"angle": -22.5, "axis": "y", "origin": [8, 1.003, 8.1]},
			"faces": {
				"north": {"uv": [6, 12, 7, 13], "rotation": 180, "texture": "#particle"},
				"east": {"uv": [7, 13, 6, 16], "rotation": 270, "texture": "#particle"},
				"south": {"uv": [0, 0, 0, 0], "texture": "#particle"},
				"west": {"uv": [6, 13, 7, 16], "rotation": 90, "texture": "#particle"},
				"up": {"uv": [5, 13, 6, 16], "rotation": 180, "texture": "#particle"},
				"down": {"uv": [8, 16, 7, 13], "rotation": 180, "texture": "#particle"}
			}
		},
		{
			"from": [7.9, -0.097, 2],
			"to": [10.1, 2.103, 8.1],
			"rotation": {"angle": -22.5, "axis": "y", "origin": [8, 1.003, 8.1]},
			"faces": {
				"east": {"uv": [3, 13, 2, 16], "rotation": 270, "texture": "#particle"},
				"south": {"uv": [0, 0, 0, 0], "texture": "#particle"},
				"west": {"uv": [2, 13, 3, 16], "rotation": 90, "texture": "#particle"},
				"up": {"uv": [1, 13, 2, 16], "rotation": 180, "texture": "#particle"},
				"down": {"uv": [4, 16, 3, 13], "rotation": 180, "texture": "#particle"}
			}
		}
	],
	"display": {
		"thirdperson_righthand": {
			"rotation": [45, 45, 0],
			"translation": [0, 3, 0],
			"scale": [0.5, 0.5, 0.5]
		},
		"firstperson_righthand": {
			"rotation": [0, 123, 0],
			"translation": [0, 3, 0],
			"scale": [0.4, 0.4, 0.4]
		},
		"firstperson_lefthand": {
			"rotation": [0, 123, 0],
			"translation": [0, 3, 0],
			"scale": [0.4, 0.4, 0.4]
		},
		"ground": {
			"translation": [0, 3, 0],
			"scale": [0.5, 0.5, 0.5]
		},
		"gui": {
			"rotation": [30, 138, 0],
			"scale": [0.625, 0.625, 0.625]
		},
		"head": {
			"translation": [0, 14.25, 0]
		},
		"fixed": {
			"rotation": [-90, 180, 0],
			"translation": [0, 0, -8]
		}
	}
}