{
	"credit": "Made with Blockbench",
	"parent": "block/block",
	"textures": {
		"0": "item/kuanggongmao",
		"particle": "item/kuanggongmao"
	},
	"elements": [
		{
			"from": [7, 1, 3],
			"to": [9, 3, 4],
			"rotation": {"angle": 0, "axis": "y", "origin": [16, 9, 10]},
			"faces": {
				"north": {"uv": [8.75, 1.5, 9.25, 2], "texture": "#0"},
				"east": {"uv": [9.25, 2, 8.75, 2.25], "texture": "#0"},
				"west": {"uv": [9.25, 2, 8.75, 2.25], "texture": "#0"},
				"up": {"uv": [8.75, 2.25, 9.25, 2], "texture": "#0"},
				"down": {"uv": [8.75, 2.25, 9.25, 2], "texture": "#0"}
			}
		},
		{
			"from": [7, 4, 5],
			"to": [9, 5, 11],
			"rotation": {"angle": 0, "axis": "y", "origin": [16, 12, 15]},
			"faces": {
				"north": {"uv": [7.5, 2, 7, 2.25], "texture": "#0"},
				"east": {"uv": [8.5, 1.5, 7, 1.75], "texture": "#0"},
				"south": {"uv": [7.5, 2, 7, 2.25], "texture": "#0"},
				"west": {"uv": [8.5, 1.5, 7, 1.75], "texture": "#0"},
				"up": {"uv": [6.25, 3, 6.75, 1.5], "texture": "#0"}
			}
		},
		{
			"from": [3, 0, 2],
			"to": [13, 1, 13],
			"rotation": {"angle": 0, "axis": "y", "origin": [11, 8, -5]},
			"faces": {
				"north": {"uv": [2.75, 6.5, 0, 6.75], "texture": "#0"},
				"east": {"uv": [2.75, 6.5, 0, 6.75], "texture": "#0"},
				"south": {"uv": [2.75, 6.5, 0, 6.75], "texture": "#0"},
				"west": {"uv": [2.75, 6.5, 0, 6.75], "texture": "#0"},
				"up": {"uv": [0, 3, 2.75, 0], "texture": "#0"},
				"down": {"uv": [0, 6.25, 2.75, 3.25], "texture": "#0"}
			}
		},
		{
			"from": [4, 1, 4],
			"to": [12, 4, 12],
			"rotation": {"angle": 0, "axis": "y", "origin": [11, 9, -5]},
			"faces": {
				"north": {"uv": [6, 0, 4, 0.75], "texture": "#0"},
				"east": {"uv": [8.25, 0, 6.25, 0.75], "texture": "#0"},
				"south": {"uv": [10.5, 0, 8.5, 0.75], "texture": "#0"},
				"west": {"uv": [12.75, 0, 10.75, 0.75], "texture": "#0"},
				"up": {"uv": [4, 3, 6, 1], "texture": "#0"}
			}
		}
	],
	"display": {
		"thirdperson_righthand": {
			"rotation": [75, 45, 0],
			"translation": [0, 2.5, 2.5],
			"scale": [0.6, 0.6, 0.6]
		},
		"thirdperson_lefthand": {
			"rotation": [75, 45, 0],
			"translation": [0, 2.5, 2.5],
			"scale": [0.6, 0.6, 0.6]
		},
		"firstperson_righthand": {
			"rotation": [0, 123, 0],
			"translation": [0, 7, 0],
			"scale": [0.8, 0.8, 0.8]
		},
		"firstperson_lefthand": {
			"rotation": [0, 123, 0],
			"translation": [0, 7, 0],
			"scale": [0.8, 0.8, 0.8]
		},
		"ground": {
			"translation": [0, 4, 0],
			"scale": [0.5, 0.5, 0.5]
		},
		"gui": {
			"rotation": [38, 138, 0],
			"translation": [0.25, 5, 0],
			"scale": [1.05, 1.05, 1.05]
		},
		"head": {
			"translation": [0, 16, 0],
			"scale": [1.9, 1.9, 1.9]
		},
		"fixed": {
			"rotation": [-90, 0, 0],
			"translation": [0, 0, -14.6],
			"scale": [1.8, 1.8, 1.8]
		}
	}
}