{
  "variants": {
        "distance=1": [
          { "model": "block/dark_oak_leaves", "weight": 80 },
		  { "model": "block/dark_oak_leaves1", "weight": 80 },
		  { "model": "block/dark_oak_leaves2", "weight": 80 },
		  { "model": "block/dark_oak_leaves3", "weight": 80 },
		  { "model": "block/dark_oak_leaves4", "weight": 80 }
    ],
        "distance=2": [
          { "model": "block/dark_oak_leaves", "weight": 80 },
		  { "model": "block/dark_oak_leaves1", "weight": 80 },
		  { "model": "block/dark_oak_leaves2", "weight": 80 },
		  { "model": "block/dark_oak_leaves3", "weight": 80 },
		  { "model": "block/dark_oak_leaves4", "weight": 80 }
    ],
	    "distance=3": [
          { "model": "block/dark_oak_leaves", "weight": 80 },
		  { "model": "block/dark_oak_leaves1", "weight": 80 },
		  { "model": "block/dark_oak_leaves2", "weight": 80 },
		  { "model": "block/dark_oak_leaves3", "weight": 80 },
		  { "model": "block/dark_oak_leaves4", "weight": 80 }
    ],
	    "distance=4": [
          { "model": "block/dark_oak_leaves", "weight": 80 },
		  { "model": "block/dark_oak_leaves1", "weight": 80 },
		  { "model": "block/dark_oak_leaves2", "weight": 80 },
		  { "model": "block/dark_oak_leaves3", "weight": 80 },
		  { "model": "block/dark_oak_leaves4", "weight": 80 }
    ],
	    "distance=5": [
          { "model": "block/dark_oak_leaves", "weight": 80 },
		  { "model": "block/dark_oak_leaves1", "weight": 80 },
		  { "model": "block/dark_oak_leaves2", "weight": 80 },
		  { "model": "block/dark_oak_leaves3", "weight": 80 },
		  { "model": "block/dark_oak_leaves4", "weight": 80 }
    ],
	    "distance=6": [
          { "model": "block/dark_oak_leaves", "weight": 80 },
		  { "model": "block/dark_oak_leaves1", "weight": 80 },
		  { "model": "block/dark_oak_leaves2", "weight": 80 },
		  { "model": "block/dark_oak_leaves3", "weight": 80 },
		  { "model": "block/dark_oak_leaves4", "weight": 80 }
    ],
	    "distance=7": [
          { "model": "block/dark_oak_leaves", "weight": 80 },
		  { "model": "block/dark_oak_leaves1", "weight": 80 },
		  { "model": "block/dark_oak_leaves2", "weight": 80 },
		  { "model": "block/dark_oak_leaves3", "weight": 80 },
		  { "model": "block/dark_oak_leaves4", "weight": 80 }
    ]
  }
}