{
  "variants": {
        "distance=1": [
          { "model": "block/oak_leaves", "weight": 80 },
		  { "model": "block/oak_leaves1", "weight": 80 },
		  { "model": "block/oak_leaves2", "weight": 80 },
		  { "model": "block/oak_leaves3", "weight": 80 },
		  { "model": "block/oak_leaves4", "weight": 80 },
          { "model": "block/oak_leaves_flower", "weight": 1 },
		  { "model": "block/oak_leaves_flower1", "weight": 1 },
		  { "model": "block/oak_leaves_flower2", "weight": 1 }
    ],
        "distance=2": [
          { "model": "block/oak_leaves", "weight": 80 },
		  { "model": "block/oak_leaves1", "weight": 80 },
		  { "model": "block/oak_leaves2", "weight": 80 },
		  { "model": "block/oak_leaves3", "weight": 80 },
		  { "model": "block/oak_leaves4", "weight": 80 },
          { "model": "block/oak_leaves_flower", "weight": 1 },
		  { "model": "block/oak_leaves_flower1", "weight": 1 },
		  { "model": "block/oak_leaves_flower2", "weight": 1 }
    ],
	    "distance=3": [
          { "model": "block/oak_leaves", "weight": 80 },
		  { "model": "block/oak_leaves1", "weight": 80 },
		  { "model": "block/oak_leaves2", "weight": 80 },
		  { "model": "block/oak_leaves3", "weight": 80 },
		  { "model": "block/oak_leaves4", "weight": 80 },
          { "model": "block/oak_leaves_flower", "weight": 1 },
		  { "model": "block/oak_leaves_flower1", "weight": 1 },
		  { "model": "block/oak_leaves_flower2", "weight": 1 }
    ],
	    "distance=4": [
          { "model": "block/oak_leaves", "weight": 80 },
		  { "model": "block/oak_leaves1", "weight": 80 },
		  { "model": "block/oak_leaves2", "weight": 80 },
		  { "model": "block/oak_leaves3", "weight": 80 },
		  { "model": "block/oak_leaves4", "weight": 80 },
          { "model": "block/oak_leaves_flower", "weight": 1 },
		  { "model": "block/oak_leaves_flower1", "weight": 1 },
		  { "model": "block/oak_leaves_flower2", "weight": 1 }
    ],
	    "distance=5": [
          { "model": "block/oak_leaves", "weight": 80 },
		  { "model": "block/oak_leaves1", "weight": 80 },
		  { "model": "block/oak_leaves2", "weight": 80 },
		  { "model": "block/oak_leaves3", "weight": 80 },
		  { "model": "block/oak_leaves4", "weight": 80 },
          { "model": "block/oak_leaves_flower", "weight": 1 },
		  { "model": "block/oak_leaves_flower1", "weight": 1 },
		  { "model": "block/oak_leaves_flower2", "weight": 1 }
    ],
	    "distance=6": [
          { "model": "block/oak_leaves", "weight": 80 },
		  { "model": "block/oak_leaves1", "weight": 80 },
		  { "model": "block/oak_leaves2", "weight": 80 },
		  { "model": "block/oak_leaves3", "weight": 80 },
		  { "model": "block/oak_leaves4", "weight": 80 },
          { "model": "block/oak_leaves_flower", "weight": 1 },
		  { "model": "block/oak_leaves_flower1", "weight": 1 },
		  { "model": "block/oak_leaves_flower2", "weight": 1 }
    ],
	    "distance=7": [
          { "model": "block/oak_leaves", "weight": 80 },
		  { "model": "block/oak_leaves1", "weight": 80 },
		  { "model": "block/oak_leaves2", "weight": 80 },
		  { "model": "block/oak_leaves3", "weight": 80 },
		  { "model": "block/oak_leaves4", "weight": 80 },
          { "model": "block/oak_leaves_flower", "weight": 1 },
		  { "model": "block/oak_leaves_flower1", "weight": 1 },
		  { "model": "block/oak_leaves_flower2", "weight": 1 }
    ]
  }
}